date,WhatsApp,Instagram,Facebook,Messenger,isPartial
2017-04-19,6,9,92,1,False
2017-04-20,5,9,88,1,False
2017-04-21,5,9,92,1,False
2017-04-22,5,9,96,1,False
2017-04-23,5,9,95,1,False
2017-04-24,5,9,88,1,False
2017-04-25,6,8,89,1,False
2017-04-26,6,9,89,1,False
2017-04-27,6,8,90,1,False
2017-04-28,5,9,93,1,False
2017-04-29,5,9,95,1,False
2017-04-30,5,10,99,1,False
2017-05-01,5,9,90,1,False
2017-05-02,5,9,90,1,False
2017-05-03,13,9,91,1,False
2017-05-04,8,9,87,1,False
2017-05-05,6,9,92,1,False
2017-05-06,5,9,96,1,False
2017-05-07,5,10,96,1,False
2017-05-08,6,9,93,1,False
2017-05-09,6,9,90,1,False
2017-05-10,6,8,87,1,False
2017-05-11,6,9,90,1,False
2017-05-12,6,9,92,1,False
2017-05-13,5,9,97,1,False
2017-05-14,5,10,98,1,False
2017-05-15,5,9,90,1,False
2017-05-16,6,9,90,1,False
2017-05-17,6,8,89,1,False
2017-05-18,6,9,88,1,False
2017-05-19,5,9,90,1,False
2017-05-20,5,9,96,1,False
2017-05-21,5,10,94,1,False
2017-05-22,5,9,88,1,False
2017-05-23,5,8,87,1,False
2017-05-24,5,9,88,1,False
2017-05-25,5,9,95,1,False
2017-05-26,5,9,91,1,False
2017-05-27,5,9,100,1,False
2017-05-28,5,10,98,1,False
2017-05-29,6,9,92,1,False
2017-05-30,5,9,86,1,False
2017-05-31,6,9,88,1,False
2017-06-01,6,8,88,1,False
2017-06-02,6,9,90,1,False
2017-06-03,5,9,94,1,False
2017-06-04,4,10,91,1,False
2017-06-05,5,9,90,1,False
2017-06-06,6,9,87,1,False
2017-06-07,6,8,87,1,False
2017-06-08,6,9,89,1,False
2017-06-09,6,8,91,1,False
2017-06-10,5,9,94,1,False
2017-06-11,5,10,96,1,False
2017-06-12,6,9,85,1,False
2017-06-13,6,9,88,1,False
2017-06-14,6,9,90,1,False
2017-06-15,5,9,87,1,False
2017-06-16,6,9,92,1,False
2017-06-17,5,9,93,1,False
2017-06-18,5,10,96,1,False
2017-06-19,6,9,89,1,False
2017-06-20,6,9,88,1,False
2017-06-21,6,9,86,1,False
2017-06-22,6,9,88,1,False
2017-06-23,5,9,87,1,False
2017-06-24,5,9,91,1,False
2017-06-25,5,10,94,1,False
2017-06-26,5,9,92,1,False
2017-06-27,5,9,88,1,False
2017-06-28,6,9,87,1,False
2017-06-29,6,9,89,1,False
2017-06-30,6,9,88,1,False
2017-07-01,5,9,93,1,False
2017-07-02,5,10,96,1,False
2017-07-03,5,9,91,1,False
2017-07-04,6,9,92,1,False
2017-07-05,6,10,87,1,False
2017-07-06,6,10,87,1,False
2017-07-07,6,9,88,1,False
2017-07-08,5,10,92,1,False
2017-07-09,5,10,93,1,False
2017-07-10,5,9,87,1,False
2017-07-11,6,9,88,1,False
2017-07-12,6,9,86,1,False
2017-07-13,6,9,89,1,False
2017-07-14,6,9,91,1,False
2017-07-15,5,10,94,1,False
2017-07-16,5,10,94,1,False
2017-07-17,6,9,87,1,False
2017-07-18,6,9,89,1,False
2017-07-19,6,9,87,1,False
2017-07-20,6,9,88,1,False
2017-07-21,6,9,87,1,False
2017-07-22,5,9,90,1,False
2017-07-23,5,10,91,1,False
2017-07-24,6,10,87,1,False
2017-07-25,6,9,86,1,False
2017-07-26,6,10,88,1,False
2017-07-27,6,9,91,1,False
2017-07-28,6,9,94,1,False
2017-07-29,5,10,93,1,False
2017-07-30,5,10,96,1,False
2017-07-31,6,9,91,1,False
2017-08-01,6,10,89,1,False
2017-08-02,6,9,88,1,False
2017-08-03,6,9,89,1,False
2017-08-04,6,9,91,1,False
2017-08-05,6,10,95,1,False
2017-08-06,5,10,95,1,False
2017-08-07,6,10,88,1,False
2017-08-08,6,9,86,1,False
2017-08-09,6,9,90,1,False
2017-08-10,6,9,89,1,False
2017-08-11,6,9,91,1,False
2017-08-12,6,10,97,1,False
2017-08-13,5,10,90,1,False
2017-08-14,6,9,90,1,False
2017-08-15,6,9,93,1,False
2017-08-16,6,9,90,1,False
2017-08-17,6,9,90,1,False
2017-08-18,6,9,91,1,False
2017-08-19,6,10,92,1,False
2017-08-20,5,10,93,1,False
2017-08-21,6,9,88,1,False
2017-08-22,7,9,90,1,False
2017-08-23,7,9,94,1,False
2017-08-24,6,9,89,1,False
2017-08-25,6,9,92,1,False
2017-08-26,5,11,98,1,False
2017-08-27,5,10,94,1,False
2017-08-28,6,10,91,1,False
2017-08-29,6,9,91,1,False
2017-08-30,6,9,87,1,False
2017-08-31,6,9,88,1,False
2017-09-01,6,9,91,1,False
2017-09-02,5,10,91,1,False
2017-09-03,5,10,93,1,False
2017-09-04,6,10,89,1,False
2017-09-05,6,9,85,1,False
2017-09-06,6,9,87,1,False
2017-09-07,6,9,90,1,False
2017-09-08,6,9,85,1,False
2017-09-09,5,9,88,1,False
2017-09-10,5,10,89,1,False
2017-09-11,6,9,85,1,False
2017-09-12,6,8,85,1,False
2017-09-13,6,9,83,1,False
2017-09-14,6,9,86,1,False
2017-09-15,6,9,86,1,False
2017-09-16,5,9,90,1,False
2017-09-17,5,10,87,1,False
2017-09-18,6,9,87,1,False
2017-09-19,6,9,85,1,False
2017-09-20,6,9,85,1,False
2017-09-21,6,9,86,1,False
2017-09-22,6,9,87,1,False
2017-09-23,5,9,89,2,False
2017-09-24,5,10,88,1,False
2017-09-25,6,9,83,1,False
2017-09-26,6,9,85,1,False
2017-09-27,6,9,84,1,False
2017-09-28,6,9,84,1,False
2017-09-29,6,9,87,1,False
2017-09-30,5,9,88,1,False
2017-10-01,5,10,87,1,False
2017-10-02,6,9,85,1,False
2017-10-03,6,9,85,1,False
2017-10-04,6,9,82,1,False
2017-10-05,6,9,82,1,False
2017-10-06,6,9,83,1,False
2017-10-07,5,10,84,1,False
2017-10-08,5,10,87,1,False
2017-10-09,6,9,80,1,False
2017-10-10,6,9,81,1,False
2017-10-11,6,9,85,1,False
2017-10-12,6,9,82,1,False
2017-10-13,6,9,86,1,False
2017-10-14,6,9,87,1,False
2017-10-15,5,10,85,1,False
2017-10-16,6,9,81,1,False
2017-10-17,6,9,80,1,False
2017-10-18,6,9,83,1,False
2017-10-19,6,9,84,1,False
2017-10-20,6,9,84,1,False
2017-10-21,5,9,88,1,False
2017-10-22,5,9,82,1,False
2017-10-23,6,9,80,1,False
2017-10-24,6,9,81,1,False
2017-10-25,6,9,81,1,False
2017-10-26,6,8,80,1,False
2017-10-27,6,9,83,1,False
2017-10-28,6,9,84,1,False
2017-10-29,5,9,84,1,False
2017-10-30,6,9,78,1,False
2017-10-31,7,9,80,1,False
2017-11-01,6,9,79,1,False
2017-11-02,6,9,78,1,False
2017-11-03,9,9,80,1,False
2017-11-04,6,10,83,1,False
2017-11-05,5,10,81,1,False
2017-11-06,6,9,77,1,False
2017-11-07,6,9,77,1,False
2017-11-08,7,9,79,1,False
2017-11-09,6,9,74,1,False
2017-11-10,6,9,81,1,False
2017-11-11,6,10,81,1,False
2017-11-12,5,10,82,1,False
2017-11-13,6,9,77,1,False
2017-11-14,7,9,77,1,False
2017-11-15,6,9,77,1,False
2017-11-16,6,9,78,1,False
2017-11-17,6,9,77,1,False
2017-11-18,6,10,79,1,False
2017-11-19,5,10,80,1,False
2017-11-20,6,9,76,1,False
2017-11-21,7,9,76,1,False
2017-11-22,6,9,76,1,False
2017-11-23,7,9,78,1,False
2017-11-24,6,9,76,1,False
2017-11-25,6,10,79,1,False
2017-11-26,5,10,79,1,False
2017-11-27,6,9,72,1,False
2017-11-28,6,9,75,1,False
2017-11-29,7,9,76,1,False
2017-11-30,9,9,76,1,False
2017-12-01,7,9,76,1,False
2017-12-02,6,10,80,1,False
2017-12-03,5,10,77,1,False
2017-12-04,7,9,75,1,False
2017-12-05,6,9,75,1,False
2017-12-06,6,10,74,1,False
2017-12-07,6,9,75,1,False
2017-12-08,6,10,78,1,False
2017-12-09,5,10,75,1,False
2017-12-10,5,10,77,1,False
2017-12-11,6,9,75,1,False
2017-12-12,6,10,73,1,False
2017-12-13,6,10,73,1,False
2017-12-14,6,9,76,1,False
2017-12-15,6,10,77,1,False
2017-12-16,6,10,80,1,False
2017-12-17,5,10,78,1,False
2017-12-18,6,10,75,1,False
2017-12-19,6,10,75,1,False
2017-12-20,6,10,77,1,False
2017-12-21,6,10,75,1,False
2017-12-22,6,10,76,1,False
2017-12-23,6,10,79,1,False
2017-12-24,6,11,83,1,False
2017-12-25,6,11,87,1,False
2017-12-25,7,12,98,1,False
2017-12-26,7,12,89,1,False
2017-12-27,7,11,88,1,False
2017-12-28,7,12,88,1,False
2017-12-29,7,12,90,1,False
2017-12-30,6,13,91,1,False
2017-12-31,10,16,94,1,False
2018-01-01,6,15,100,1,False
2018-01-02,7,13,87,1,False
2018-01-03,7,12,83,1,False
2018-01-04,7,12,82,1,False
2018-01-05,7,11,85,1,False
2018-01-06,6,12,87,1,False
2018-01-07,6,12,85,1,False
2018-01-08,7,11,84,1,False
2018-01-09,7,11,83,1,False
2018-01-10,7,11,82,1,False
2018-01-11,7,11,82,1,False
2018-01-12,7,11,83,1,False
2018-01-13,6,12,86,1,False
2018-01-14,6,12,83,1,False
2018-01-15,7,11,82,1,False
2018-01-16,7,11,80,1,False
2018-01-17,7,11,82,1,False
2018-01-18,7,11,81,1,False
2018-01-19,7,12,82,1,False
2018-01-20,6,12,83,1,False
2018-01-21,6,12,82,1,False
2018-01-22,7,11,81,1,False
2018-01-23,7,11,79,1,False
2018-01-24,7,11,79,1,False
2018-01-25,7,11,81,1,False
2018-01-26,7,11,84,1,False
2018-01-27,6,12,84,1,False
2018-01-28,6,12,79,1,False
2018-01-29,7,11,79,1,False
2018-01-30,7,11,77,1,False
2018-01-31,7,11,77,1,False
2018-02-01,7,11,80,1,False
2018-02-02,7,11,81,1,False
2018-02-03,6,12,82,1,False
2018-02-04,6,13,81,1,False
2018-02-05,7,11,79,1,False
2018-02-06,7,11,78,1,False
2018-02-07,7,11,78,1,False
2018-02-08,8,11,78,1,False
2018-02-09,7,11,78,1,False
2018-02-10,7,12,81,1,False
2018-02-11,6,13,82,1,False
2018-02-12,7,11,79,1,False
2018-02-13,7,11,81,1,False
2018-02-14,7,12,80,1,False
2018-02-15,7,12,79,1,False
2018-02-16,7,12,80,1,False
2018-02-17,6,12,84,1,False
2018-02-18,6,13,82,1,False
2018-02-19,7,11,79,1,False
2018-02-20,7,11,76,1,False
2018-02-21,7,11,76,1,False
2018-02-22,7,11,79,1,False
2018-02-23,7,11,80,1,False
2018-02-24,7,12,79,1,False
2018-02-25,6,13,80,1,False
2018-02-26,7,11,77,1,False
2018-02-27,8,11,78,1,False
2018-02-28,7,11,75,1,False
2018-03-01,8,11,76,1,False
2018-03-02,7,11,77,1,False
2018-03-03,6,12,82,1,False
2018-03-04,6,12,78,1,False
2018-03-05,7,12,76,1,False
2018-03-06,8,11,76,1,False
2018-03-07,7,11,77,1,False
2018-03-08,7,11,78,1,False
2018-03-09,8,12,79,1,False
2018-03-10,6,12,78,1,False
2018-03-11,6,12,81,1,False
2018-03-12,7,11,76,1,False
2018-03-13,7,11,74,1,False
2018-03-14,7,11,75,1,False
2018-03-15,7,11,75,1,False
2018-03-16,7,11,76,1,False
2018-03-17,6,12,78,1,False
2018-03-18,6,13,78,1,False
2018-03-19,7,11,77,1,False
2018-03-20,8,11,74,1,False
2018-03-21,8,11,77,1,False
2018-03-22,8,11,78,1,False
2018-03-23,8,12,76,1,False
2018-03-24,7,13,81,1,False
2018-03-25,6,13,81,1,False
2018-03-26,7,12,76,1,False
2018-03-27,8,12,76,1,False
2018-03-28,8,12,77,1,False
2018-03-29,7,11,79,1,False
2018-03-30,6,12,78,1,False
2018-03-31,6,12,77,1,False
2018-04-01,6,13,81,1,False
2018-04-02,8,12,78,1,False
2018-04-03,8,12,75,1,False
2018-04-04,7,12,75,1,False
2018-04-05,8,12,75,1,False
2018-04-06,7,12,79,1,False
2018-04-07,6,12,77,1,False
2018-04-08,6,13,77,1,False
2018-04-09,8,12,78,1,False
2018-04-10,7,12,75,1,False
2018-04-11,7,12,76,1,False
2018-04-12,8,12,75,1,False
2018-04-13,8,12,76,1,False
2018-04-14,7,12,78,1,False
2018-04-15,6,13,77,1,False
2018-04-16,7,11,72,1,False
2018-04-17,8,11,73,1,False
2018-04-18,8,12,74,1,False
2018-04-19,8,12,74,1,False
2018-04-20,8,12,77,1,False
2018-04-21,7,13,75,1,False
2018-04-22,6,13,75,1,False
2018-04-23,8,12,72,1,False
2018-04-24,8,11,70,1,False
2018-04-25,8,12,73,1,False
2018-04-26,8,11,71,1,False
2018-04-27,8,12,72,1,False
2018-04-28,7,12,74,1,False
2018-04-29,6,13,74,1,False
2018-04-30,7,12,71,1,False
2018-05-01,6,12,73,1,False
2018-05-02,8,11,71,1,False
2018-05-03,7,12,71,1,False
2018-05-04,8,12,71,1,False
2018-05-05,7,12,75,1,False
2018-05-06,6,12,73,1,False
2018-05-07,7,12,71,1,False
2018-05-08,8,12,71,1,False
2018-05-09,8,11,72,1,False
2018-05-10,7,12,73,1,False
2018-05-11,8,12,73,1,False
2018-05-12,6,12,74,1,False
2018-05-13,6,13,72,1,False
2018-05-14,7,12,72,1,False
2018-05-15,7,11,70,1,False
2018-05-16,8,11,71,1,False
2018-05-17,8,12,72,1,False
2018-05-18,7,11,73,1,False
2018-05-19,6,12,72,1,False
2018-05-20,6,13,72,1,False
2018-05-21,8,12,70,1,False
2018-05-22,8,11,70,1,False
2018-05-23,8,12,69,1,False
2018-05-24,8,11,72,1,False
2018-05-25,8,12,73,1,False
2018-05-26,7,13,76,1,False
2018-05-27,7,13,74,1,False
2018-05-28,8,12,73,1,False
2018-05-29,8,12,71,1,False
2018-05-30,8,12,72,1,False
2018-05-31,8,12,69,1,False
2018-06-01,8,12,72,1,False
2018-06-02,7,12,73,1,False
2018-06-03,7,13,73,1,False
2018-06-04,8,12,71,1,False
2018-06-05,8,15,70,1,False
2018-06-06,8,12,68,1,False
2018-06-07,8,12,70,1,False
2018-06-08,8,12,70,1,False
2018-06-09,7,13,72,1,False
2018-06-10,6,13,69,1,False
2018-06-11,8,12,70,1,False
2018-06-12,7,13,68,1,False
2018-06-13,8,12,69,1,False
2018-06-14,7,12,70,1,False
2018-06-15,7,12,71,1,False
2018-06-16,6,12,74,1,False
2018-06-17,6,13,73,1,False
2018-06-18,7,12,69,1,False
2018-06-19,7,12,71,1,False
2018-06-20,7,12,70,1,False
2018-06-21,7,13,70,1,False
2018-06-22,7,13,70,1,False
2018-06-23,6,13,71,1,False
2018-06-24,6,13,71,1,False
2018-06-25,7,12,67,1,False
2018-06-26,7,12,67,1,False
2018-06-27,7,12,66,1,False
2018-06-28,7,12,67,1,False
2018-06-29,7,12,72,1,False
2018-06-30,6,13,69,1,False
2018-07-01,6,13,70,1,False
2018-07-02,7,12,66,1,False
2018-07-03,7,12,66,1,False
2018-07-04,8,13,67,1,False
2018-07-05,8,13,67,1,False
2018-07-06,7,13,68,1,False
2018-07-07,6,13,70,1,False
2018-07-08,6,14,70,1,False
2018-07-09,7,12,67,1,False
2018-07-10,7,13,66,1,False
2018-07-11,7,14,65,1,False
2018-07-12,8,14,69,1,False
2018-07-13,7,15,67,1,False
2018-07-14,6,13,66,1,False
2018-07-15,6,13,66,1,False
2018-07-16,7,13,67,1,False
2018-07-17,8,12,68,1,False
2018-07-18,8,13,68,1,False
2018-07-19,8,12,64,1,False
2018-07-20,8,12,66,1,False
2018-07-21,7,13,67,1,False
2018-07-22,6,14,68,1,False
2018-07-23,8,13,64,1,False
2018-07-24,8,12,66,1,False
2018-07-25,8,12,69,1,False
2018-07-26,8,13,71,1,False
2018-07-27,8,13,70,1,False
2018-07-28,7,13,71,1,False
2018-07-29,6,14,71,1,False
2018-07-30,8,13,66,1,False
2018-07-31,8,13,67,1,False
2018-08-01,8,13,67,1,False
2018-08-02,8,13,65,1,False
2018-08-03,8,12,70,1,False
2018-08-04,7,13,68,1,False
2018-08-05,7,13,67,1,False
2018-08-06,8,13,64,1,False
2018-08-07,8,14,62,1,False
2018-08-08,8,13,69,1,False
2018-08-09,8,13,64,1,False
2018-08-10,8,12,66,1,False
2018-08-11,7,13,66,1,False
2018-08-12,6,14,66,1,False
2018-08-13,8,13,64,1,False
2018-08-14,8,12,66,1,False
2018-08-15,9,13,65,1,False
2018-08-16,8,13,65,1,False
2018-08-17,8,13,65,1,False
2018-08-18,7,13,70,1,False
2018-08-19,6,14,67,1,False
2018-08-20,8,13,63,1,False
2018-08-21,8,13,65,1,False
2018-08-22,8,12,65,1,False
2018-08-23,8,12,64,1,False
2018-08-24,8,13,65,1,False
2018-08-25,7,13,67,1,False
2018-08-26,6,14,68,1,False
2018-08-27,8,13,64,1,False
2018-08-28,8,13,66,1,False
2018-08-29,8,12,63,1,False
2018-08-30,8,13,63,1,False
2018-08-31,8,13,66,1,False
2018-09-01,7,13,66,2,False
2018-09-01,10,18,94,2,False
2018-09-02,9,19,96,1,False
2018-09-03,12,20,100,2,False
2018-09-04,12,18,92,1,False
2018-09-05,12,18,94,1,False
2018-09-06,11,17,91,1,False
2018-09-07,10,18,92,1,False
2018-09-08,10,19,96,1,False
2018-09-09,9,20,97,1,False
2018-09-10,11,17,91,1,False
2018-09-11,12,17,96,1,False
2018-09-12,12,17,91,1,False
2018-09-13,11,18,92,1,False
2018-09-14,12,18,93,1,False
2018-09-15,10,19,94,1,False
2018-09-16,9,19,93,1,False
2018-09-17,11,17,89,1,False
2018-09-18,11,17,90,1,False
2018-09-19,11,17,91,1,False
2018-09-20,11,17,88,1,False
2018-09-21,11,17,91,1,False
2018-09-22,10,18,89,1,False
2018-09-23,9,19,91,1,False
2018-09-24,11,17,87,1,False
2018-09-25,11,17,89,1,False
2018-09-26,11,17,85,1,False
2018-09-27,11,17,90,1,False
2018-09-28,11,17,91,1,False
2018-09-29,9,18,90,1,False
2018-09-30,9,18,90,1,False
2018-10-01,10,17,88,1,False
2018-10-02,11,17,83,1,False
2018-10-03,11,19,87,1,False
2018-10-04,11,17,90,1,False
2018-10-05,10,17,86,1,False
2018-10-06,9,18,89,1,False
2018-10-07,8,19,89,1,False
2018-10-08,10,17,86,1,False
2018-10-09,11,17,83,1,False
2018-10-10,11,16,84,1,False
2018-10-11,11,17,88,1,False
2018-10-12,10,17,89,1,False
2018-10-13,9,18,89,1,False
2018-10-14,9,19,88,1,False
2018-10-15,10,17,86,1,False
2018-10-16,11,17,82,1,False
2018-10-17,11,17,84,1,False
2018-10-18,11,17,86,1,False
2018-10-19,11,18,88,1,False
2018-10-20,9,18,90,1,False
2018-10-21,9,19,88,1,False
2018-10-22,11,17,86,1,False
2018-10-23,10,17,86,1,False
2018-10-24,11,17,84,1,False
2018-10-25,11,17,85,1,False
2018-10-26,11,17,84,1,False
2018-10-27,10,18,84,1,False
2018-10-28,10,19,89,1,False
2018-10-29,10,17,83,1,False
2018-10-30,12,17,85,1,False
2018-10-31,11,17,86,1,False
2018-11-01,12,17,86,1,False
2018-11-02,11,18,87,1,False
2018-11-03,10,19,88,2,False
2018-11-04,9,19,88,2,False
2018-11-05,12,17,83,1,False
2018-11-06,13,18,87,1,False
2018-11-07,12,16,80,1,False
2018-11-08,12,17,86,1,False
2018-11-09,11,17,87,1,False
2018-11-10,10,18,90,1,False
2018-11-11,9,18,86,1,False
2018-11-12,11,17,87,1,False
2018-11-13,12,17,85,2,False
2018-11-14,12,17,84,2,False
2018-11-15,11,17,87,1,False
2018-11-16,11,17,86,1,False
2018-11-17,10,20,87,1,False
2018-11-18,9,19,88,1,False
2018-11-19,11,18,83,2,False
2018-11-20,12,18,90,2,False
2018-11-21,12,17,88,1,False
2018-11-22,12,17,85,1,False
2018-11-23,11,16,83,1,False
2018-11-24,9,18,84,1,False
2018-11-25,9,18,85,1,False
2018-11-26,11,17,79,1,False
2018-11-27,11,17,79,1,False
2018-11-28,11,16,79,1,False
2018-11-29,11,17,84,2,False
2018-11-30,11,17,83,1,False
2018-12-01,9,18,83,1,False
2018-12-02,9,18,84,1,False
2018-12-03,11,17,79,1,False
2018-12-04,11,17,80,1,False
2018-12-05,11,17,84,1,False
2018-12-06,10,17,78,1,False
2018-12-07,10,17,83,1,False
2018-12-08,9,18,82,1,False
2018-12-09,8,19,83,1,False
2018-12-10,11,17,79,1,False
2018-12-11,10,17,79,1,False
2018-12-12,11,17,81,1,False
2018-12-13,11,17,82,1,False
2018-12-14,10,18,81,1,False
2018-12-15,9,18,84,1,False
2018-12-16,8,19,84,1,False
2018-12-17,10,17,79,1,False
2018-12-18,10,17,80,1,False
2018-12-19,10,17,82,1,False
2018-12-20,10,18,84,1,False
2018-12-21,9,17,82,1,False
2018-12-22,8,18,83,1,False
2018-12-23,8,20,85,1,False
2018-12-24,11,19,85,1,False
2018-12-25,9,20,92,1,False
2018-12-26,10,19,86,1,False
2018-12-27,10,21,79,1,False
2018-12-28,10,21,82,1,False
2018-12-29,9,21,84,1,False
2018-12-30,8,21,86,1,False
2018-12-31,10,24,90,1,False
2019-01-01,9,25,98,1,False
2019-01-02,9,21,84,1,False
2019-01-03,10,19,81,1,False
2019-01-04,10,19,81,1,False
2019-01-05,9,20,83,1,False
2019-01-06,8,21,85,1,False
2019-01-07,9,18,82,1,False
2019-01-08,10,18,79,1,False
2019-01-09,9,18,81,2,False
2019-01-10,9,18,82,2,False
2019-01-11,9,18,81,1,False
2019-01-12,8,19,82,1,False
2019-01-13,8,21,80,1,False
2019-01-14,9,21,78,1,False
2019-01-15,10,19,80,1,False
2019-01-16,10,19,79,1,False
2019-01-17,10,18,80,1,False
2019-01-18,10,18,80,1,False
2019-01-19,9,20,80,1,False
2019-01-20,8,20,81,1,False
2019-01-21,10,19,78,1,False
2019-01-22,12,18,76,1,False
2019-01-23,10,18,77,1,False
2019-01-24,10,18,77,1,False
2019-01-25,10,18,77,1,False
2019-01-26,9,19,78,1,False
2019-01-27,8,19,81,1,False
2019-01-28,10,18,76,1,False
2019-01-29,11,20,77,1,False
2019-01-30,11,18,79,1,False
2019-01-31,10,18,77,1,False
2019-02-01,10,18,78,1,False
2019-02-02,9,19,80,1,False
2019-02-03,8,20,78,1,False
2019-02-04,10,18,74,1,False
2019-02-05,10,18,77,1,False
2019-02-06,10,17,77,1,False
2019-02-07,10,17,78,1,False
2019-02-08,10,18,78,1,False
2019-02-09,9,19,78,1,False
2019-02-10,8,20,76,1,False
2019-02-11,11,18,77,1,False
2019-02-12,11,18,75,1,False
2019-02-13,11,19,76,1,False
2019-02-14,11,19,78,1,False
2019-02-15,10,19,80,1,False
2019-02-16,9,20,79,1,False
2019-02-17,8,20,83,1,False
2019-02-18,10,19,77,1,False
2019-02-19,10,18,75,1,False
2019-02-20,10,18,75,1,False
2019-02-21,10,18,79,1,False
2019-02-22,10,18,79,1,False
2019-02-23,9,20,82,1,False
2019-02-24,8,20,78,1,False
2019-02-25,10,18,75,1,False
2019-02-26,10,18,75,1,False
2019-02-27,10,17,75,1,False
2019-02-28,10,18,75,1,False
2019-03-01,10,18,76,1,False
2019-03-02,8,19,78,2,False
2019-03-03,8,20,77,2,False
2019-03-04,9,17,75,2,False
2019-03-05,9,18,73,2,False
2019-03-06,10,17,75,2,False
2019-03-07,10,18,75,2,False
2019-03-08,10,18,75,1,False
2019-03-09,9,19,76,1,False
2019-03-10,8,20,76,1,False
2019-03-11,10,18,74,1,False
2019-03-12,11,17,72,1,False
2019-03-13,15,32,95,2,False
2019-03-14,14,25,83,2,False
2019-03-15,10,17,76,1,False
2019-03-16,9,19,79,1,False
2019-03-17,8,19,78,1,False
2019-03-18,10,18,74,1,False
2019-03-19,10,18,75,1,False
2019-03-20,11,18,75,1,False
2019-03-21,10,18,74,1,False
2019-03-22,10,18,75,1,False
2019-03-23,9,19,78,1,False
2019-03-24,8,19,75,1,False
2019-03-25,11,18,78,1,False
2019-03-26,11,18,74,1,False
2019-03-27,11,18,74,1,False
2019-03-28,11,17,73,1,False
2019-03-29,11,18,76,1,False
2019-03-30,9,19,76,1,False
2019-03-31,8,20,77,1,False
2019-04-01,10,17,73,1,False
2019-04-02,11,18,73,1,False
2019-04-03,10,17,72,1,False
2019-04-04,11,18,74,1,False
2019-04-05,11,18,75,1,False
2019-04-06,9,19,77,1,False
2019-04-07,8,20,76,1,False
2019-04-08,10,18,72,1,False
2019-04-09,11,18,70,1,False
2019-04-10,11,18,73,1,False
2019-04-11,11,18,73,1,False
2019-04-12,10,18,74,1,False
2019-04-13,9,19,75,1,False
2019-04-14,15,23,84,2,False
2019-04-15,10,18,73,1,False
2019-04-16,11,18,73,1,False
2019-04-17,11,18,74,1,False
2019-04-18,10,19,74,1,False
2019-04-19,9,19,75,1,False
2019-04-20,10,20,75,1,False
2019-04-21,9,21,80,1,False
2019-04-22,12,20,76,1,False
2019-04-23,12,19,75,1,False
2019-04-24,11,18,74,1,False
2019-04-25,11,18,75,1,False
2019-04-26,11,18,73,1,False
2019-04-27,9,19,75,1,False
2019-04-28,9,20,76,1,False
2019-04-29,11,18,72,1,False
2019-04-30,11,18,72,1,False
2019-05-01,9,19,77,1,False
2019-05-02,11,18,72,1,False
2019-05-03,10,19,74,1,False
2019-05-04,9,19,75,1,False
2019-05-05,8,21,76,1,False
2019-05-06,11,18,76,1,False
2019-05-07,11,18,75,1,False
2019-05-08,11,18,73,1,False
2019-05-09,11,18,75,1,False
2019-05-09,13,22,91,1,False
2019-05-10,13,23,91,1,False
2019-05-11,11,25,93,1,False
2019-05-12,10,25,98,2,False
2019-05-13,13,23,92,1,False
2019-05-14,17,23,91,2,False
2019-05-15,15,22,98,2,False
2019-05-16,14,22,91,1,False
2019-05-17,13,23,91,1,False
2019-05-18,12,25,93,1,False
2019-05-19,11,25,96,1,False
2019-05-20,13,22,90,1,False
2019-05-21,13,23,92,1,False
2019-05-22,18,24,96,2,False
2019-05-23,14,23,92,2,False
2019-05-24,14,23,96,2,False
2019-05-25,12,24,97,1,False
2019-05-26,10,26,100,2,False
2019-05-27,14,23,94,2,False
2019-05-28,13,23,91,2,False
2019-05-29,13,23,93,2,False
2019-05-30,14,24,95,2,False
2019-05-31,13,24,94,2,False
2019-06-01,11,25,97,2,False
2019-06-02,11,28,96,2,False
2019-06-03,13,25,91,2,False
2019-06-04,13,24,93,2,False
2019-06-05,13,24,94,2,False
2019-06-06,13,24,90,2,False
2019-06-07,13,25,94,1,False
2019-06-08,11,26,92,1,False
2019-06-09,10,28,95,1,False
2019-06-10,14,25,93,2,False
2019-06-11,14,25,90,1,False
2019-06-12,14,26,92,2,False
2019-06-13,14,30,92,1,False
2019-06-14,14,26,92,2,False
2019-06-15,12,26,93,1,False
2019-06-16,10,28,95,1,False
2019-06-17,14,25,92,2,False
2019-06-18,14,25,94,2,False
2019-06-19,14,25,93,2,False
2019-06-20,13,25,92,2,False
2019-06-21,13,25,91,1,False
2019-06-22,12,26,92,1,False
2019-06-23,11,28,97,1,False
2019-06-24,14,25,88,1,False
2019-06-25,14,25,92,2,False
2019-06-26,14,25,85,1,False
2019-06-27,14,24,90,1,False
2019-06-28,15,25,89,1,False
2019-06-29,12,26,93,1,False
2019-06-30,10,27,91,1,False
2019-07-01,14,25,88,1,False
2019-07-02,14,25,88,1,False
2019-07-03,34,36,98,2,False
2019-07-04,18,26,92,1,False
2019-07-05,14,25,90,1,False
2019-07-06,11,26,90,1,False
2019-07-07,10,29,90,1,False
2019-07-08,14,26,89,1,False
2019-07-09,13,26,87,1,False
2019-07-10,14,25,87,1,False
2019-07-11,14,25,89,2,False
2019-07-12,14,25,87,1,False
2019-07-13,11,28,93,2,False
2019-07-14,10,28,92,1,False
2019-07-15,14,26,89,1,False
2019-07-16,14,27,88,2,False
2019-07-17,15,28,92,2,False
2019-07-18,15,26,89,1,False
2019-07-19,14,26,91,1,False
2019-07-20,12,28,94,1,False
2019-07-21,10,28,92,1,False
2019-07-22,15,26,93,2,False
2019-07-23,15,26,89,2,False
2019-07-24,15,25,89,2,False
2019-07-25,15,26,87,1,False
2019-07-26,14,26,90,1,False
2019-07-27,11,27,90,1,False
2019-07-28,10,29,93,2,False
2019-07-29,14,27,90,2,False
2019-07-30,15,27,90,2,False
2019-07-31,15,26,87,2,False
2019-08-01,15,26,88,2,False
2019-08-02,15,27,90,2,False
2019-08-03,12,27,92,1,False
2019-08-04,11,30,93,2,False
2019-08-05,15,27,91,1,False
2019-08-06,16,26,86,2,False
2019-08-07,15,26,86,2,False
2019-08-08,16,27,88,1,False
2019-08-09,15,26,90,1,False
2019-08-10,11,26,90,1,False
2019-08-11,10,28,89,1,False
2019-08-12,15,27,87,1,False
2019-08-13,15,26,86,1,False
2019-08-14,15,25,84,2,False
2019-08-15,15,27,89,1,False
2019-08-16,15,26,92,2,False
2019-08-17,12,28,88,2,False
2019-08-18,11,29,93,2,False
2019-08-19,18,27,87,2,False
2019-08-20,17,26,90,2,False
2019-08-21,16,27,87,2,False
2019-08-22,16,26,86,2,False
2019-08-23,15,25,87,2,False
2019-08-24,13,28,91,1,False
2019-08-25,11,28,89,1,False
2019-08-26,16,26,90,1,False
2019-08-27,17,25,89,2,False
2019-08-28,15,25,85,2,False
2019-08-29,16,25,86,2,False
2019-08-30,15,25,85,1,False
2019-08-31,12,26,89,1,False
2019-09-01,11,27,88,2,False
2019-09-02,16,25,89,2,False
2019-09-03,16,25,82,2,False
2019-09-04,16,25,86,2,False
2019-09-05,16,25,83,1,False
2019-09-06,15,26,83,1,False
2019-09-07,12,27,83,1,False
2019-09-08,11,29,86,1,False
2019-09-09,16,26,84,2,False
2019-09-10,16,25,81,2,False
2019-09-11,16,25,80,2,False
2019-09-12,16,25,83,2,False
2019-09-13,17,25,82,1,False
2019-09-14,13,27,86,1,False
2019-09-15,12,28,84,2,False
2019-09-16,16,24,79,2,False
2019-09-17,17,24,83,2,False
2019-09-18,17,24,82,1,False
2019-09-19,17,24,82,1,False
2019-09-20,17,24,86,1,False
2019-09-21,13,27,85,1,False
2019-09-22,12,27,84,2,False
2019-09-23,16,24,78,1,False
2019-09-24,17,24,83,2,False
2019-09-25,18,24,82,2,False
2019-09-26,17,24,84,2,False
2019-09-27,16,25,83,2,False
2019-09-28,13,27,84,2,False
2019-09-29,12,27,85,2,False
2019-09-30,17,25,82,2,False
2019-10-01,17,23,82,2,False
2019-10-02,16,24,81,2,False
2019-10-03,16,24,81,1,False
2019-10-04,16,25,84,2,False
2019-10-05,12,25,84,1,False
2019-10-06,11,27,84,2,False
2019-10-07,16,25,84,2,False
2019-10-08,16,29,81,2,False
2019-10-09,17,28,80,2,False
2019-10-10,16,26,82,1,False
2019-10-11,16,25,83,1,False
2019-10-12,12,27,84,1,False
2019-10-13,11,28,86,1,False
2019-10-14,16,25,82,1,False
2019-10-15,17,25,83,2,False
2019-10-16,17,24,82,1,False
2019-10-17,17,24,85,1,False
2019-10-18,16,25,84,2,False
2019-10-19,13,26,83,1,False
2019-10-20,11,27,83,1,False
2019-10-21,16,24,84,2,False
2019-10-22,17,23,82,2,False
2019-10-23,17,24,84,1,False
2019-10-24,17,24,80,1,False
2019-10-25,16,24,81,1,False
2019-10-26,12,26,82,1,False
2019-10-27,10,27,82,1,False
2019-10-28,15,24,81,1,False
2019-10-29,16,24,81,1,False
2019-10-30,17,24,82,2,False
2019-10-31,17,24,84,1,False
2019-11-01,15,25,84,1,False
2019-11-02,12,25,82,1,False
2019-11-03,11,27,83,1,False
2019-11-04,16,24,81,2,False
2019-11-05,17,23,79,2,False
2019-11-06,18,23,81,2,False
2019-11-07,18,23,80,1,False
2019-11-08,16,24,80,1,False
2019-11-09,13,26,83,1,False
2019-11-10,11,26,84,1,False
2019-11-11,17,24,81,1,False
2019-11-12,17,23,80,1,False
2019-11-13,17,23,81,1,False
2019-11-14,17,23,78,2,False
2019-11-15,15,24,80,2,False
2019-11-16,13,25,82,2,False
2019-11-17,11,27,85,2,False
2019-11-18,17,23,83,2,False
2019-11-19,18,24,84,2,False
2019-11-20,18,23,82,2,False
2019-11-21,18,23,81,2,False
2019-11-22,17,23,83,1,False
2019-11-23,13,24,82,1,False
2019-11-24,11,26,81,1,False
2019-11-25,18,22,82,1,False
2019-11-26,19,23,83,2,False
2019-11-27,18,22,77,1,False
2019-11-28,18,27,87,2,False
2019-11-29,17,22,78,1,False
2019-11-30,13,25,81,1,False
2019-12-01,11,26,81,1,False
2019-12-02,17,22,78,1,False
2019-12-03,18,23,80,1,False
2019-12-04,17,23,78,1,False
2019-12-05,17,24,80,1,False
2019-12-06,17,24,77,1,False
2019-12-07,13,26,83,1,False
2019-12-08,11,26,84,1,False
2019-12-09,17,23,79,1,False
2019-12-10,17,23,80,1,False
2019-12-11,18,23,79,2,False
2019-12-12,17,23,79,2,False
2019-12-13,16,23,81,2,False
2019-12-14,13,25,82,2,False
2019-12-15,11,26,79,1,False
2019-12-16,17,23,78,2,False
2019-12-17,17,24,79,2,False
2019-12-18,17,23,78,2,False
2019-12-19,17,23,81,2,False
2019-12-20,16,24,85,1,False
2019-12-21,13,26,81,1,False
2019-12-22,11,27,81,1,False
2019-12-23,16,26,82,2,False
2019-12-24,16,26,84,2,False
2019-12-25,13,29,89,2,False
2019-12-26,16,27,85,2,False
2019-12-27,15,26,84,2,False
2019-12-28,13,28,86,2,False
2019-12-29,11,28,82,2,False
2019-12-30,15,28,81,2,False
2019-12-31,15,32,87,2,False
2020-01-01,11,33,91,2,False
2020-01-02,15,28,84,1,False
2020-01-03,15,27,80,2,False
2020-01-04,13,27,79,2,False
2020-01-05,11,28,79,1,False
2020-01-06,15,25,79,1,False
2020-01-07,16,26,79,2,False
2020-01-08,16,24,79,2,False
2020-01-09,17,25,78,2,False
2020-01-10,16,24,77,1,False
2020-01-11,12,26,82,1,False
2020-01-12,11,27,83,1,False
2020-01-13,16,24,75,1,False
2020-01-14,16,24,75,1,False
2020-01-14,17,25,79,2,False
2020-01-15,18,26,82,2,False
2020-01-16,17,26,81,2,False
2020-01-17,17,25,80,2,False
2020-01-18,13,28,84,2,False
2020-01-19,16,27,84,2,False
2020-01-20,17,26,83,2,False
2020-01-21,18,26,81,2,False
2020-01-22,19,25,82,2,False
2020-01-23,18,25,81,2,False
2020-01-24,18,26,82,2,False
2020-01-25,13,28,84,1,False
2020-01-26,12,28,81,2,False
2020-01-27,18,27,82,2,False
2020-01-28,18,26,82,2,False
2020-01-29,18,26,80,2,False
2020-01-30,19,28,85,2,False
2020-01-31,18,25,84,1,False
2020-02-01,13,28,84,1,False
2020-02-02,12,27,83,1,False
2020-02-03,17,25,77,2,False
2020-02-04,19,25,80,2,False
2020-02-05,19,25,82,2,False
2020-02-06,19,25,84,2,False
2020-02-07,18,25,84,2,False
2020-02-08,13,27,85,2,False
2020-02-09,12,28,83,2,False
2020-02-10,19,25,79,2,False
2020-02-11,19,25,84,2,False
2020-02-12,20,25,80,2,False
2020-02-13,19,25,82,2,False
2020-02-14,19,27,85,2,False
2020-02-15,14,28,82,1,False
2020-02-16,13,29,84,2,False
2020-02-17,20,26,81,2,False
2020-02-18,19,26,83,2,False
2020-02-19,19,25,82,2,False
2020-02-20,19,25,81,2,False
2020-02-21,18,26,82,2,False
2020-02-22,15,27,83,2,False
2020-02-23,12,28,83,2,False
2020-02-24,17,25,80,2,False
2020-02-25,17,24,80,2,False
2020-02-26,19,25,79,2,False
2020-02-27,19,25,82,2,False
2020-02-28,20,27,86,2,False
2020-02-29,15,27,83,2,False
2020-03-01,13,28,81,2,False
2020-03-02,20,24,81,2,False
2020-03-03,21,24,80,2,False
2020-03-04,23,24,79,2,False
2020-03-05,22,25,82,2,False
2020-03-06,20,25,82,2,False
2020-03-07,16,27,85,2,False
2020-03-08,14,28,81,2,False
2020-03-09,20,24,79,2,False
2020-03-10,20,24,84,2,False
2020-03-11,21,24,79,2,False
2020-03-12,21,23,81,2,False
2020-03-13,20,23,86,2,False
2020-03-14,16,27,88,2,False
2020-03-15,14,27,93,2,False
2020-03-16,22,25,87,2,False
2020-03-17,24,26,87,2,False
2020-03-18,26,27,91,2,False
2020-03-19,26,28,89,2,False
2020-03-20,26,28,91,2,False
2020-03-21,21,30,96,3,False
2020-03-22,18,31,99,3,False
2020-03-23,25,27,90,2,False
2020-03-24,27,29,93,2,False
2020-03-25,26,30,93,3,False
2020-03-26,27,29,94,3,False
2020-03-27,26,29,91,3,False
2020-03-28,21,30,97,3,False
2020-03-29,20,31,100,3,False
2020-03-30,26,29,87,2,False
2020-03-31,27,29,91,2,False
2020-04-01,28,29,88,2,False
2020-04-02,26,28,89,2,False
2020-04-03,27,27,88,2,False
2020-04-04,21,31,97,3,False
2020-04-05,18,30,96,2,False
2020-04-06,25,28,86,2,False
2020-04-07,26,28,88,2,False
2020-04-08,26,29,88,2,False
2020-04-09,24,29,89,2,False
2020-04-10,20,30,93,2,False
2020-04-11,19,30,92,2,False
2020-04-12,19,31,97,3,False
2020-04-13,26,31,88,2,False
2020-04-14,24,28,87,2,False
2020-04-15,26,28,86,2,False
2020-04-16,25,28,87,2,False
2020-04-17,26,29,86,2,False
2020-04-18,21,30,88,2,False
2020-04-19,19,32,93,2,False
2020-04-20,27,29,87,2,False
2020-04-21,26,29,85,2,False
2020-04-22,29,29,84,2,False
2020-04-23,28,29,85,2,False
2020-04-24,27,29,83,2,False
2020-04-25,21,30,89,2,False
2020-04-26,18,30,93,2,False
2020-04-27,28,27,82,2,False
2020-04-28,28,28,84,2,False
2020-04-29,27,28,84,2,False
2020-04-30,27,28,86,2,False
2020-05-01,20,30,89,2,False
2020-05-02,20,30,88,2,False
2020-05-03,19,31,91,2,False
2020-05-04,27,28,80,2,False
2020-05-05,27,28,81,2,False
2020-05-06,28,29,79,2,False
2020-05-07,27,28,80,2,False
2020-05-08,28,29,82,2,False
2020-05-09,21,30,87,2,False
2020-05-10,20,31,92,2,False
2020-05-11,28,28,82,2,False
2020-05-12,28,28,83,2,False
2020-05-13,29,28,81,2,False
2020-05-14,28,28,81,2,False
2020-05-15,27,28,83,2,False
2020-05-16,22,30,87,2,False
2020-05-17,20,31,93,2,False
2020-05-18,29,27,85,2,False
2020-05-19,28,28,83,2,False
2020-05-20,29,28,81,2,False
2020-05-21,28,29,84,2,False
2020-05-22,27,29,86,2,False
2020-05-23,21,30,84,2,False
2020-05-24,18,32,91,2,False
2020-05-25,25,30,82,2,False
2020-05-26,26,29,81,2,False
2020-05-27,30,29,80,2,False
2020-05-28,28,29,78,2,False
2020-05-29,28,28,82,2,False
2020-05-30,22,30,84,2,False
2020-05-31,19,31,85,2,False
2020-06-01,28,28,80,2,False
2020-06-02,29,31,82,2,False
2020-06-03,29,29,81,2,False
2020-06-04,30,29,83,2,False
2020-06-05,28,27,79,2,False
2020-06-06,22,30,84,2,False
2020-06-07,19,31,87,2,False
2020-06-08,29,28,81,2,False
2020-06-09,29,29,80,2,False
2020-06-10,30,28,81,2,False
2020-06-11,28,28,82,2,False
2020-06-12,27,28,81,2,False
2020-06-13,21,29,83,2,False
2020-06-14,18,30,84,2,False
2020-06-15,27,28,80,2,False
2020-06-16,29,27,78,2,False
2020-06-17,29,28,79,2,False
2020-06-18,30,28,80,2,False
2020-06-19,39,29,83,2,False
2020-06-20,22,30,83,2,False
2020-06-21,18,30,87,2,False
2020-06-22,28,29,81,2,False
2020-06-23,31,29,81,2,False
2020-06-24,30,28,85,2,False
2020-06-25,30,29,84,2,False
2020-06-26,30,30,87,2,False
2020-06-27,22,30,87,2,False
2020-06-28,18,31,86,2,False
2020-06-29,28,29,82,2,False
2020-06-30,31,30,81,2,False
2020-07-01,30,28,80,2,False
2020-07-02,31,29,82,2,False
2020-07-03,31,29,85,2,False
2020-07-04,23,31,85,2,False
2020-07-05,19,31,89,2,False
2020-07-06,30,30,81,2,False
2020-07-07,31,28,80,2,False
2020-07-08,30,30,82,2,False
2020-07-09,30,29,80,2,False
2020-07-10,29,29,82,2,False
2020-07-11,22,31,84,2,False
2020-07-12,19,33,84,2,False
2020-07-13,31,29,81,2,False
2020-07-14,36,29,82,2,False
2020-07-15,31,27,77,2,False
2020-07-16,30,28,78,2,False
2020-07-17,29,28,79,2,False
2020-07-18,22,29,80,2,False
2020-07-19,18,30,80,2,False
2020-07-20,28,29,78,2,False
2020-07-21,30,28,76,2,False
2020-07-22,30,28,76,2,False
2020-07-23,29,28,76,2,False
2020-07-24,28,29,79,2,False
2020-07-25,21,29,77,2,False
2020-07-26,17,30,79,2,False
2020-07-27,28,28,77,2,False
2020-07-28,29,29,77,2,False
2020-07-29,29,28,78,2,False
2020-07-30,27,28,79,2,False
2020-07-31,27,29,81,2,False
2020-08-01,20,29,80,2,False
2020-08-02,17,29,83,2,False
2020-08-03,27,28,78,2,False
2020-08-04,28,28,79,2,False
2020-08-05,29,28,78,2,False
2020-08-06,28,28,77,2,False
2020-08-07,27,28,79,2,False
2020-08-08,20,29,79,2,False
2020-08-09,17,30,82,2,False
2020-08-10,29,28,78,2,False
2020-08-11,29,28,76,2,False
2020-08-12,29,27,78,2,False
2020-08-13,29,27,75,2,False
2020-08-14,28,27,76,2,False
2020-08-15,20,29,78,2,False
2020-08-16,17,29,79,2,False
2020-08-17,27,27,75,2,False
2020-08-18,31,27,77,2,False
2020-08-19,29,28,76,2,False
2020-08-20,30,28,74,2,False
2020-08-21,29,27,76,2,False
2020-08-22,21,30,76,2,False
2020-08-23,18,29,80,2,False
2020-08-24,31,27,72,2,False
2020-08-25,31,27,74,2,False
2020-08-26,31,26,74,2,False
2020-08-27,30,27,75,2,False
2020-08-28,29,27,75,2,False
2020-08-29,22,28,74,2,False
2020-08-30,19,30,81,2,False
2020-08-31,32,28,74,2,False
2020-09-01,33,28,74,2,False
2020-09-02,33,26,77,2,False
2020-09-03,33,27,76,2,False
2020-09-04,33,27,74,2,False
2020-09-05,25,28,79,2,False
2020-09-06,22,29,79,2,False
2020-09-07,33,28,76,2,False
2020-09-08,35,27,76,2,False
2020-09-09,34,27,75,2,False
2020-09-10,34,26,74,2,False
2020-09-11,33,27,75,2,False
2020-09-12,24,29,77,2,False
2020-09-13,19,30,77,2,False
2020-09-14,34,28,73,2,False
2020-09-15,34,27,73,2,False
2020-09-16,32,27,73,2,False
2020-09-17,32,28,72,2,False
2020-09-18,32,27,76,2,False
2020-09-19,24,28,75,2,False
2020-09-20,20,30,75,2,False
2020-09-20,24,36,92,2,False
2020-09-21,41,34,93,2,False
2020-09-22,43,34,90,2,False
2020-09-23,42,33,87,2,False
2020-09-24,41,32,88,2,False
2020-09-25,40,34,92,2,False
2020-09-26,29,35,94,2,False
2020-09-27,23,34,91,2,False
2020-09-28,41,32,91,2,False
2020-09-29,41,33,89,2,False
2020-09-30,41,31,89,2,False
2020-10-01,39,33,88,2,False
2020-10-02,39,33,91,2,False
2020-10-03,28,34,91,2,False
2020-10-04,23,34,94,2,False
2020-10-05,40,32,90,2,False
2020-10-06,42,34,89,2,False
2020-10-07,40,34,90,2,False
2020-10-08,40,32,92,2,False
2020-10-09,38,33,93,2,False
2020-10-10,26,33,91,2,False
2020-10-11,22,35,94,2,False
2020-10-12,33,33,93,2,False
2020-10-13,40,33,93,2,False
2020-10-14,40,32,92,2,False
2020-10-15,40,32,90,3,False
2020-10-16,38,33,94,3,False
2020-10-17,27,34,92,3,False
2020-10-18,22,34,91,2,False
2020-10-19,41,33,90,2,False
2020-10-20,41,32,91,2,False
2020-10-21,40,33,89,2,False
2020-10-22,39,33,92,2,False
2020-10-23,37,32,91,2,False
2020-10-24,26,33,93,2,False
2020-10-25,22,35,92,2,False
2020-10-26,38,33,90,2,False
2020-10-27,40,33,93,2,False
2020-10-28,38,32,91,2,False
2020-10-29,37,32,92,2,False
2020-10-30,37,33,93,2,False
2020-10-31,28,33,93,2,False
2020-11-01,22,35,93,2,False
2020-11-02,32,32,90,2,False
2020-11-03,39,31,88,2,False
2020-11-04,35,27,80,2,False
2020-11-05,36,28,80,2,False
2020-11-06,37,30,87,2,False
2020-11-07,27,32,86,2,False
2020-11-08,23,34,90,2,False
2020-11-09,40,32,89,2,False
2020-11-10,40,34,93,2,False
2020-11-11,40,33,88,2,False
2020-11-12,40,34,88,2,False
2020-11-13,38,32,90,2,False
2020-11-14,26,34,94,2,False
2020-11-15,22,35,94,2,False
2020-11-16,35,33,86,2,False
2020-11-17,39,32,87,2,False
2020-11-18,40,32,89,2,False
2020-11-19,41,33,89,2,False
2020-11-20,38,35,91,2,False
2020-11-21,28,33,90,3,False
2020-11-22,23,34,91,2,False
2020-11-23,40,32,89,2,False
2020-11-24,41,32,87,2,False
2020-11-25,41,31,89,2,False
2020-11-26,40,32,86,2,False
2020-11-27,38,31,85,2,False
2020-11-28,28,33,85,2,False
2020-11-29,24,33,87,2,False
2020-11-30,38,31,83,2,False
2020-12-01,40,32,84,2,False
2020-12-02,39,31,85,2,False
2020-12-03,39,31,82,2,False
2020-12-04,38,32,90,3,False
2020-12-05,29,33,88,2,False
2020-12-06,23,34,88,2,False
2020-12-07,37,32,86,2,False
2020-12-08,35,31,83,2,False
2020-12-09,39,32,86,2,False
2020-12-10,39,32,87,6,False
2020-12-11,38,33,86,3,False
2020-12-12,27,33,88,2,False
2020-12-13,23,33,87,2,False
2020-12-14,39,32,83,2,False
2020-12-15,40,31,86,2,False
2020-12-16,39,31,85,2,False
2020-12-17,37,31,85,3,False
2020-12-18,36,34,90,3,False
2020-12-19,28,34,86,2,False
2020-12-20,23,33,90,2,False
2020-12-21,36,32,85,2,False
2020-12-22,35,31,87,2,False
2020-12-23,35,32,88,2,False
2020-12-24,32,33,96,2,False
2020-12-25,25,36,96,3,False
2020-12-26,24,36,91,2,False
2020-12-27,22,36,92,2,False
2020-12-28,32,37,88,2,False
2020-12-29,33,34,88,2,False
2020-12-30,32,34,86,2,False
2020-12-31,29,37,90,2,False
2021-01-01,20,40,100,2,False
2021-01-02,24,38,89,2,False
2021-01-03,21,36,87,2,False
2021-01-04,34,33,86,2,False
2021-01-05,35,33,85,2,False
2021-01-06,34,33,85,2,False
2021-01-07,38,32,85,2,False
2021-01-08,37,33,84,2,False
2021-01-09,32,34,86,2,False
2021-01-10,30,34,91,3,False
2021-01-11,42,31,85,3,False
2021-01-12,42,32,86,3,False
2021-01-13,40,33,84,2,False
2021-01-14,39,32,87,2,False
2021-01-15,37,31,87,2,False
2021-01-16,29,33,84,2,False
2021-01-17,25,34,84,2,False
2021-01-18,38,31,82,2,False
2021-01-19,39,31,84,2,False
2021-01-20,37,31,80,2,False
2021-01-21,38,30,83,2,False
2021-01-22,36,31,83,2,False
2021-01-23,27,32,89,2,False
2021-01-24,22,33,83,2,False
2021-01-25,37,31,81,2,False
2021-01-26,36,32,81,2,False
2021-01-27,38,31,82,2,False
2021-01-28,38,30,81,2,False
2021-01-29,37,31,81,2,False
2021-01-30,29,32,85,2,False
2021-01-31,23,34,86,2,False
2021-02-01,38,31,83,2,False
2021-02-02,40,32,85,2,False
2021-02-03,38,31,78,2,False
2021-02-04,39,30,81,2,False
2021-02-05,37,32,81,2,False
2021-02-06,26,32,80,2,False
2021-02-07,22,32,82,2,False
2021-02-08,39,30,78,2,False
2021-02-09,41,31,80,2,False
2021-02-10,41,32,80,2,False
2021-02-11,39,32,79,2,False
2021-02-12,37,31,83,2,False
2021-02-13,26,32,80,2,False
2021-02-14,22,35,85,2,False
2021-02-15,37,32,80,2,False
2021-02-16,35,31,80,2,False
2021-02-17,40,31,83,2,False
2021-02-18,39,31,81,2,False
2021-02-19,40,33,81,2,False
2021-02-20,28,35,85,2,False
2021-02-21,23,35,83,2,False
2021-02-22,40,32,76,2,False
2021-02-23,42,31,80,2,False
2021-02-24,41,30,79,2,False
2021-02-25,42,30,80,3,False
2021-02-26,38,30,80,2,False
2021-02-27,29,32,84,2,False
2021-02-28,24,33,83,2,False
2021-03-01,42,30,79,2,False
2021-03-02,41,31,81,2,False
2021-03-03,42,31,80,2,False
2021-03-04,41,30,80,2,False
2021-03-05,41,31,80,2,False
2021-03-06,28,32,82,2,False
2021-03-07,24,34,82,2,False
2021-03-08,43,31,79,2,False
2021-03-09,44,31,80,2,False
2021-03-10,42,30,78,2,False
2021-03-11,40,30,79,2,False
2021-03-12,42,31,80,2,False
2021-03-13,29,32,82,2,False
2021-03-14,24,33,81,2,False
2021-03-15,38,28,75,2,False
2021-03-16,41,30,76,2,False
2021-03-17,44,31,78,2,False
2021-03-18,43,30,79,2,False
2021-03-19,59,41,82,2,False
2021-03-20,31,32,79,2,False
2021-03-21,24,33,84,2,False
2021-03-22,42,31,79,2,False
2021-03-23,43,31,81,2,False
2021-03-24,44,31,80,2,False
2021-03-25,44,32,80,2,False
2021-03-26,41,31,79,2,False
2021-03-27,29,33,80,2,False
2021-03-28,22,33,82,2,False
2021-03-29,37,32,79,2,False
2021-03-30,41,37,80,2,False
2021-03-31,41,31,78,2,False
2021-04-01,34,33,81,2,False
2021-04-02,26,33,83,2,False
2021-04-03,26,34,83,2,False
2021-04-04,24,36,84,2,False
2021-04-05,44,33,83,2,False
2021-04-06,41,32,79,2,False
2021-04-07,42,31,79,2,False
2021-04-08,45,34,84,2,False
2021-04-09,41,31,77,2,False
2021-04-10,28,32,80,2,False
2021-04-11,24,34,80,2,False
2021-04-12,42,32,77,2,False
2021-04-13,43,32,80,2,False
2021-04-14,43,32,78,2,False
2021-04-15,43,31,79,2,False
2021-04-16,43,32,78,2,False
2021-04-17,29,32,78,2,False
2021-04-18,24,34,79,2,False
2021-04-19,43,31,77,2,False
2021-04-20,44,32,78,2,False
2021-04-21,40,32,80,2,False
2021-04-22,45,32,78,2,False
2021-04-23,42,32,79,2,False
2021-04-24,29,34,83,2,False
2021-04-25,24,34,80,2,False
2021-04-26,43,32,78,2,False
2021-04-27,43,31,77,2,False
2021-04-28,43,31,78,2,False
2021-04-29,43,31,78,2,False
2021-04-30,41,33,79,2,False
2021-05-01,27,33,79,2,False
2021-05-02,24,34,79,2,False
2021-05-03,44,34,80,2,False
2021-05-04,44,32,78,2,False
2021-05-05,42,32,78,2,False
2021-05-06,44,32,80,2,False
2021-05-07,43,33,81,2,False
2021-05-08,30,33,78,2,False
2021-05-09,25,35,81,2,False
2021-05-10,42,33,79,2,False
2021-05-11,44,32,81,2,False
2021-05-12,42,31,74,2,False
2021-05-13,41,33,78,2,False
2021-05-14,40,34,80,2,False
2021-05-15,30,34,81,2,False
2021-05-16,26,34,78,2,False
2021-05-17,43,32,78,2,False
2021-05-18,44,32,76,2,False
2021-05-19,45,31,78,2,False
2021-05-20,46,32,79,2,False
2021-05-21,44,33,78,2,False
2021-05-22,31,35,77,2,False
2021-05-23,26,36,77,2,False
2021-05-24,43,35,79,2,False
2021-05-25,46,34,80,2,False
2021-05-26,45,35,78,2,False
2021-05-27,49,34,83,2,False
2021-05-28,45,31,76,2,False
2021-05-28,22,16,38,1,False
2021-05-29,16,17,40,1,False
2021-05-30,13,18,40,1,False
2021-05-31,23,16,39,1,False
2021-06-01,23,16,40,1,False
2021-06-02,23,16,38,1,False
2021-06-03,20,16,37,1,False
2021-06-04,22,16,40,1,False
2021-06-05,15,17,40,1,False
2021-06-06,13,17,40,1,False
2021-06-07,21,16,38,1,False
2021-06-08,23,16,38,1,False
2021-06-09,24,15,39,1,False
2021-06-10,23,16,39,1,False
2021-06-11,22,16,38,1,False
2021-06-12,16,17,38,1,False
2021-06-13,12,17,39,1,False
2021-06-14,22,16,38,1,False
2021-06-15,23,15,36,1,False
2021-06-16,23,16,38,1,False
2021-06-17,23,16,39,1,False
2021-06-18,22,15,38,1,False
2021-06-19,15,17,37,1,False
2021-06-20,12,17,39,1,False
2021-06-21,22,15,39,1,False
2021-06-22,23,16,38,1,False
2021-06-23,23,15,37,1,False
2021-06-24,23,16,37,1,False
2021-06-25,22,16,40,1,False
2021-06-26,16,17,39,1,False
2021-06-27,12,17,39,1,False
2021-06-28,22,16,37,1,False
2021-06-29,23,16,38,1,False
2021-06-30,23,16,39,1,False
2021-07-01,22,15,37,1,False
2021-07-02,21,15,37,1,False
2021-07-03,16,17,38,1,False
2021-07-04,12,17,39,1,False
2021-07-05,23,16,38,1,False
2021-07-06,22,16,37,1,False
2021-07-07,21,15,36,1,False
2021-07-08,23,16,38,1,False
2021-07-09,21,16,38,1,False
2021-07-10,15,17,39,1,False
2021-07-11,12,17,38,1,False
2021-07-12,23,17,39,1,False
2021-07-13,23,16,38,1,False
2021-07-14,22,16,38,1,False
2021-07-15,22,15,38,1,False
2021-07-16,21,16,38,1,False
2021-07-17,15,17,39,1,False
2021-07-18,12,17,39,1,False
2021-07-19,21,16,39,1,False
2021-07-20,19,17,38,1,False
2021-07-21,19,16,38,1,False
2021-07-22,20,17,38,1,False
2021-07-23,20,16,38,1,False
2021-07-24,14,17,38,1,False
2021-07-25,11,17,39,1,False
2021-07-26,20,16,37,1,False
2021-07-27,21,16,38,1,False
2021-07-28,20,16,36,1,False
2021-07-29,20,16,37,1,False
2021-07-30,20,16,37,1,False
2021-07-31,15,17,37,1,False
2021-08-01,11,17,37,1,False
2021-08-02,21,18,36,1,False
2021-08-03,21,16,38,1,False
2021-08-04,21,15,38,1,False
2021-08-05,20,16,37,1,False
2021-08-06,19,15,37,1,False
2021-08-07,14,16,36,1,False
2021-08-08,12,17,36,1,False
2021-08-09,22,16,36,1,False
2021-08-10,22,16,37,1,False
2021-08-11,22,16,37,1,False
2021-08-12,23,16,36,1,False
2021-08-13,21,16,37,1,False
2021-08-14,15,16,36,1,False
2021-08-15,12,17,38,1,False
2021-08-16,20,16,36,1,False
2021-08-17,22,16,37,1,False
2021-08-18,22,16,38,1,False
2021-08-19,22,16,36,1,False
2021-08-20,20,16,37,1,False
2021-08-21,15,16,35,1,False
2021-08-22,12,17,37,1,False
2021-08-23,23,16,37,1,False
2021-08-24,22,16,38,1,False
2021-08-25,23,16,36,1,False
2021-08-26,23,16,36,1,False
2021-08-27,21,16,36,1,False
2021-08-28,16,16,37,1,False
2021-08-29,12,16,37,1,False
2021-08-30,21,16,36,1,False
2021-08-31,23,16,36,1,False
2021-09-01,24,15,37,1,False
2021-09-02,24,19,37,1,False
2021-09-03,23,15,36,1,False
2021-09-04,16,17,38,1,False
2021-09-05,12,17,38,1,False
2021-09-06,23,16,38,1,False
2021-09-07,22,15,38,1,False
2021-09-08,23,15,36,1,False
2021-09-09,24,15,37,1,False
2021-09-10,21,16,36,1,False
2021-09-11,15,16,37,1,False
2021-09-12,13,17,37,1,False
2021-09-13,24,16,37,1,False
2021-09-14,23,15,36,1,False
2021-09-15,23,15,36,1,False
2021-09-16,22,15,36,1,False
2021-09-17,23,15,36,1,False
2021-09-18,16,16,36,1,False
2021-09-19,13,17,38,1,False
2021-09-20,23,16,36,1,False
2021-09-21,23,15,36,1,False
2021-09-22,24,15,36,1,False
2021-09-23,23,15,37,1,False
2021-09-24,22,15,36,1,False
2021-09-25,16,16,36,1,False
2021-09-26,12,16,36,1,False
2021-09-27,23,15,35,1,False
2021-09-28,24,15,36,1,False
2021-09-29,24,15,35,1,False
2021-09-30,23,15,36,1,False
2021-10-01,22,15,36,1,False
2021-10-02,15,16,35,1,False
2021-10-03,13,16,36,1,False
2021-10-04,100,40,95,4,False
2021-10-05,32,18,45,1,False
2021-10-06,25,15,38,1,False
2021-10-07,25,15,36,1,False
2021-10-08,22,16,35,1,False
2021-10-09,16,17,37,1,False
2021-10-10,13,16,36,1,False
2021-10-11,22,16,37,1,False
2021-10-12,22,15,37,1,False
2021-10-13,24,15,35,1,False
2021-10-14,23,17,36,1,False
2021-10-15,22,20,37,1,False
2021-10-16,16,17,37,1,False
2021-10-17,13,17,37,1,False
2021-10-18,24,15,36,1,False
2021-10-19,23,15,36,1,False
2021-10-20,25,15,35,1,False
2021-10-21,24,15,36,1,False
2021-10-22,24,15,36,1,False
2021-10-23,16,16,36,1,False
2021-10-24,12,16,35,1,False
2021-10-25,24,15,35,1,False
2021-10-26,25,15,36,1,False
2021-10-27,25,15,35,1,False
2021-10-28,25,15,38,1,False
2021-10-29,22,15,38,1,False
2021-10-30,16,16,37,1,False
2021-10-31,12,17,37,1,False
2021-11-01,19,15,36,1,False
2021-11-02,19,15,35,1,False
2021-11-03,23,16,35,1,False
2021-11-04,21,15,36,1,False
2021-11-05,20,15,35,1,False
2021-11-06,15,16,35,1,False
2021-11-07,13,17,34,1,False
2021-11-08,23,15,35,1,False
2021-11-09,24,15,35,1,False
2021-11-10,24,15,35,1,False
2021-11-11,23,15,34,1,False
2021-11-12,22,15,36,1,False
2021-11-13,16,16,36,1,False
2021-11-14,13,16,36,1,False
2021-11-15,20,15,34,1,False
2021-11-16,23,15,34,1,False
2021-11-17,24,15,35,1,False
2021-11-18,23,15,35,1,False
2021-11-19,22,16,35,1,False
2021-11-20,16,16,35,1,False
2021-11-21,13,16,34,1,False
2021-11-22,23,15,35,1,False
2021-11-23,24,15,35,1,False
2021-11-24,24,15,35,1,False
2021-11-25,23,15,35,1,False
2021-11-26,23,15,34,1,False
2021-11-27,16,16,34,1,False
2021-11-28,13,16,35,1,False
2021-11-29,23,15,34,1,False
2021-11-30,24,15,34,1,False
2021-12-01,24,15,33,1,False
2021-12-02,24,15,33,1,False
2021-12-03,23,14,34,1,False
2021-12-04,17,16,34,1,False
2021-12-05,14,15,35,1,False
2021-12-06,23,15,34,1,False
2021-12-07,24,15,34,1,False
2021-12-08,21,15,34,1,False
2021-12-09,24,15,34,1,False
2021-12-10,24,16,34,1,False
2021-12-11,17,17,34,1,False
2021-12-12,13,16,34,1,False
2021-12-13,23,16,36,1,False
2021-12-14,24,16,35,1,False
2021-12-15,23,16,34,1,False
2021-12-16,23,15,34,1,False
2021-12-17,21,15,34,1,False
2021-12-18,16,17,34,1,False
2021-12-19,12,17,35,1,False
2021-12-20,22,15,33,1,False
2021-12-21,21,15,33,1,False
2021-12-22,21,15,33,1,False
2021-12-23,19,15,34,1,False
2021-12-24,17,16,36,1,False
2021-12-25,13,18,37,1,False
2021-12-26,11,17,35,1,False
2021-12-27,19,16,35,1,False
2021-12-28,19,16,33,1,False
2021-12-29,19,16,34,1,False
2021-12-30,19,16,35,1,False
2021-12-31,16,17,35,1,False
2022-01-01,12,19,37,1,False
2022-01-02,11,17,35,1,False
2022-01-03,20,16,34,1,False
2022-01-04,22,16,33,1,False
2022-01-05,21,15,34,1,False
2022-01-06,21,16,35,1,False
2022-01-07,21,16,34,1,False
2022-01-08,15,17,34,1,False
2022-01-09,13,17,35,1,False
2022-01-10,21,15,32,1,False
2022-01-11,22,15,34,1,False
2022-01-12,22,15,33,1,False
2022-01-13,21,15,33,1,False
2022-01-14,19,16,33,1,False
2022-01-15,14,16,33,1,False
2022-01-16,12,16,34,1,False
2022-01-17,22,15,32,1,False
2022-01-18,22,15,33,1,False
2022-01-19,21,15,32,1,False
2022-01-20,22,16,33,1,False
2022-01-21,20,15,34,1,False
2022-01-22,15,16,33,1,False
2022-01-23,12,16,34,1,False
2022-01-24,21,16,32,1,False
2022-01-25,20,15,33,1,False
2022-01-26,20,16,33,1,False
2022-01-27,22,15,33,1,False
2022-01-28,22,16,33,1,False
2022-01-29,15,17,33,1,False
2022-01-30,12,17,33,1,False
2022-01-31,22,16,33,1,False
2022-02-01,22,16,32,1,False
2022-02-02,22,15,33,1,False
2022-02-02,63,44,96,2,False
2022-02-03,65,43,98,2,False
2022-02-04,62,45,100,2,False
2022-02-05,43,46,98,3,False
2022-02-06,33,47,94,2,False
2022-02-07,65,45,100,2,False
2022-02-08,67,43,99,2,False
2022-02-09,65,43,92,2,False
2022-02-10,65,44,95,2,False
2022-02-11,64,46,95,2,False
2022-02-12,44,46,95,2,False
2022-02-13,35,50,96,2,False
2022-02-14,67,45,93,2,False
2022-02-15,69,46,99,2,False
2022-02-16,66,43,95,2,False
2022-02-17,67,43,93,2,False
2022-02-18,64,45,95,2,False
2022-02-19,45,48,94,2,False
2022-02-20,39,48,96,2,False
2022-02-21,68,45,96,2,False
2022-02-22,67,44,93,2,False
2022-02-23,68,43,93,2,False
2022-02-24,67,43,93,2,False
2022-02-25,62,44,94,2,False
2022-02-26,44,47,95,2,False
2022-02-27,35,48,95,2,False
2022-02-28,58,45,94,2,False
2022-03-01,57,45,98,2,False
2022-03-02,67,45,96,2,False
2022-03-03,68,43,98,2,False
2022-03-04,66,44,94,2,False
2022-03-05,48,46,94,2,False
2022-03-06,36,47,96,2,False
2022-03-07,71,45,97,2,False
2022-03-08,69,45,92,2,False
2022-03-09,70,43,97,2,False
2022-03-10,67,43,92,2,False
2022-03-11,63,44,95,2,False
2022-03-12,45,46,95,2,False
2022-03-13,36,48,91,2,False
2022-03-14,67,44,93,2,False
2022-03-15,67,42,90,2,False
2022-03-16,64,43,90,2,False
2022-03-17,65,44,94,2,False
2022-03-18,60,45,95,2,False
2022-03-19,45,46,95,2,False
2022-03-20,38,47,95,2,False
2022-03-21,68,44,93,2,False
2022-03-22,73,44,97,2,False
2022-03-23,74,44,93,3,False
2022-03-24,71,43,92,2,False
2022-03-25,67,44,94,2,False
2022-03-26,49,46,97,2,False
2022-03-27,39,48,97,2,False
2022-03-28,69,43,92,2,False
2022-03-29,68,44,91,2,False
2022-03-30,69,43,91,2,False
2022-03-31,73,40,89,2,False
2022-04-01,66,42,91,2,False
2022-04-02,46,47,90,2,False
2022-04-03,38,48,92,2,False
2022-04-04,69,43,91,2,False
2022-04-05,67,46,91,2,False
2022-04-06,65,42,91,2,False
2022-04-07,61,42,88,2,False
2022-04-08,57,43,88,2,False
2022-04-09,42,45,88,2,False
2022-04-10,35,47,93,2,False
2022-04-11,64,45,91,2,False
2022-04-12,63,44,92,2,False
2022-04-13,61,43,94,2,False
2022-04-14,52,45,93,2,False
2022-04-15,39,45,93,2,False
2022-04-16,38,45,93,2,False
2022-04-17,34,49,94,2,False
2022-04-18,64,44,95,2,False
